acc_x [m/s^2], acc_y [m/s^2], angular_z [rad/s^2], stamp, 
-0.0077419877052306999,0.0030413866043090001,-1.4664409669559968e-05,1759500590130895516
0.0048410296440124,-0.022112429141998201,-6.7909597635434389e-05,1759500590160929185
-0.0166748166084289,0.0067340135574339996,-6.5346962432030848e-05,1759500590190954385
-0.0075117349624633,-0.0237417817115783,6.6247398975532182e-05,1759500590220990086
0.051897168159484801,-0.00014638900756829999,-6.7658212681438916e-05,1759500590251092441
0.0140475034713745,-0.025109112262725799,-4.7800468863516551e-06,1759500590281354731
-0.0146774053573608,-0.010497212409973099,-1.2794485131338459e-05,1759500590312036835
-0.020062565803527801,0.0111178755760192,1.2615453031958193e-05,1759500590342330218
0.0069088339805603001,-0.0067806839942931999,-0.00028717508518575914,1759500590381302829
0.0103733539581298,0.0058611631393432001,0.00011737153258869909,1759500590411338290
-0.022108316421508699,-0.0119175910949707,-0.00019840674189772604,1759500590441409684
-0.016540110111236499,0.0242522954940795,-2.5209259314715048e-05,1759500590473103994
-0.0072907805442809998,0.0062394738197326001,0.00012691705847383584,1759500590504447601
0.0090935826301573996,-0.0044286847114561999,-5.4756226317094475e-05,1759500590531648273
-0.0052686333656311,-0.0187774896621704,7.9646338116790984e-05,1759500590561596992
-0.028561592102050701,0.013678908348083401,-6.748851089856796e-05,1759500590591613364
-0.0158460736274719,0.0136920809745788,-5.0368300592282296e-05,1759500590620681298
0.0023874044418333998,0.0226597189903259,-1.7061956731831892e-05,1759500590650698730
0.024034440517425499,0.0062594413757324002,-1.8508666544435656e-05,1759500590681858411
0.020544171333312902,-0.0295692682266235,-2.0498648085457644e-06,1759500590713157124
-0.027923047542572001,0.029795229434966999,-1.4336934747998847e-05,1759500590745445487
0.0332157015800476,0.0045347213745116997,0.00012070891859085754,1759500590771974122
0.0239606499671936,-0.0190320611000061,-3.5772473336806548e-06,1759500590802008901
-0.0122961401939392,-0.017275691032409599,-6.8099775559432783e-05,1759500590832177396
-0.010622799396514801,0.0134351849555969,3.4032325989413405e-06,1759500590862155291
-0.0089139938354491997,0.0150398612022399,-6.651511471282978e-05,1759500590892150866
0.028669595718383699,0.0038976669311522999,-2.4469811481762886e-06,1759500590922310067
0.012142360210418699,-0.016128242015838599,-1.5296319346768533e-05,1759500590953552282
-0.0060959458351135002,-0.0090240836143492993,5.6575936469833455e-05,1759500590985054819
-0.0096628665924072005,0.010667443275451599,2.6816129456599766e-05,1759500591011385360
0.017298698425292899,0.010413765907287501,-7.8573355692053483e-05,1759500591042542316
0.029457151889801001,0.0065888166427612001,1.8006442227128021e-05,1759500591072491083
0.012827038764953599,-0.011477053165435701,-1.3499664293858399e-06,1759500591102527520
-0.0304160118103027,0.019029676914215001,6.5798676484548726e-05,1759500591132577759
0.041416525840759201,0.0116862058639526,-6.8321305043676908e-05,1759500591162811019
0.019501924514770501,-0.0117802619934082,-6.8296925632458643e-06,1759500591193512373
-0.013207674026489201,-0.027953922748565601,-7.1541356388691885e-05,1759500591225073915
-0.020458877086639401,-0.0044465661048889004,-9.8974780157983562e-05,1759500591252852212
0.0100659728050231,0.0171446800231933,-0.00021985626141158524,1759500591282837209
0.034954726696014397,0.015177965164184499,-1.5296320277891989e-07,1759500591312902992
0.0058606266975401999,-0.035058796405792202,6.7857723621332584e-05,1759500591342681790
-0.0285278558731079,-0.0079293847084044994,-6.707311389677172e-05,1759500591373617235
-0.0211752653121948,0.0084573626518249009,1.9215734815009689e-06,1759500591403666723
0.0095903277397154998,-0.0041108131408690999,7.3247283281966026e-05,1759500591432686750
-0.0011720657348631999,-0.0130625367164611,-6.9909301640397079e-05,1759500591465133919
0.00070202350616450004,0.0086657404899596994,-6.0929262135324378e-05,1759500591495281038
-0.0295631885528564,0.030279994010925199,7.1572409329119264e-05,1759500591524144172
0.0084829926490782998,0.024773299694061199,-1.5322255597086157e-06,1759500591553675078
0.0103135704994201,-0.027429938316345201,-1.3666242708898337e-06,1759500591583839085
-0.0059421658515930002,-0.014812231063842701,3.0438011586752785e-06,1759500591612715723
-0.0416787266731262,0.0051198601722716999,-4.7317443346797541e-06,1759500591643830888
-0.0088397264480590005,0.039308547973632799,2.5200808874048839e-06,1759500591673784799
0.0059170722961425001,0.0067468285560606999,-3.5832787083179337e-06,1759500591705575418
0.013073861598968501,-0.0240395069122314,7.7853233181938315e-07,1759500591736963744
-0.0122067928314208,-0.0096633434295654002,1.1159347395158048e-05,1759500591764036049
-0.0193424224853515,-0.0115199089050292,-7.3419733105134795e-05,1759500591794013995
0.0185346007347106,0.0046673417091368996,6.6331225387808554e-05,1759500591823994060
0.0111766457557678,-0.015192568302154499,-6.5716479829389985e-05,1759500591854247598
-0.010367333889007501,-0.0096647143363951995,6.6675998000091362e-05,1759500591884148003
-0.0047459006309509,-0.016803503036498999,-6.6576351139898267e-05,1759500591914084620
0.043916523456573403,0.0029728412628173,6.1329101375425722e-05,1759500591945263366
0.020364224910736001,-0.025831401348114,-6.0004744389349e-05,1759500591977120622
0.0038951635360717001,-0.016466677188873201,8.1322469510502218e-05,1759500592004191250
-0.0158546566963195,0.019798159599304199,-6.997784445609948e-06,1759500592034112649
0.0059505105018615003,0.0072628259658813,-6.6245566328934446e-05,1759500592064178630
0.011312663555145199,-0.012424230575561499,6.585217711173815e-05,1759500592094265603
-0.0085640549659729004,0.0021211504936218002,-6.605141854718768e-05,1759500592124257444
-0.010408878326416,0.025503396987915001,2.5274007509287464e-09,1759500592154347752
-0.0101732015609741,0.0075812339782714002,6.1829185508738694e-05,1759500592185397028
0.059100031852722099,0.0048763155937194,-0.01922967393418638,1759500592217574365
1.0673882961273191,-0.016630887985229399,0.020376375245833588,1759500592243568088
1.0752322673797607,0.048259794712066602,0.093761218921860776,1759500592274462106
1.4508533477783203,6.5147876739501953e-05,0.35314684853403921,1759500592304533520
1.0052717924118042,0.0097430944442749006,0.15914843868385142,1759500592334573800
0.18046396970748901,-0.13981294631957999,-0.34986804345043782,1759500592364628494
-0.56484413146972656,0.048520922660827602,-1.5871966062762646,1759500592393697793
0.045647382736205999,0.058928608894348103,-0.27559399801113399,1759500592425581617
0.43463224172592158,0.088545143604278495,0.43383457320967,1759500592457141165
-0.31608724594116211,-0.13204360008239741,1.6582480565292581,1759500592484869026
0.29083162546157831,-0.18974012136459351,0.56053647258739114,1759500592514868116
0.53177905082702637,0.17586922645568839,-0.39293796064547287,1759500592544994616
0.048002779483795097,-0.053471267223358099,-0.43696610548075471,1759500592575015518
0.0010197758674621001,0.0028493404388427001,-0.67592788134853643,1759500592605033585
0.28881514072418207,0.19227975606918329,0.34348714680837622,1759500592635127219
0.73092848062515259,-0.070534884929656899,0.83496949967970457,1759500592665562253
-0.0060625076293945,0.085780441761016804,-0.75609462201709665,1759500592697397337
0.083627998828887898,-0.032071828842163003,-0.19786146747722219,1759500592727230610
0.069230675697326605,0.1845214366912841,1.0528639675267881,1759500592755271347
0.089430212974548298,0.043207764625549303,-0.075806669150413772,1759500592785344938
0.3457649946212768,-0.099170386791229206,-0.42578221336857508,1759500592815371364
0.3147249817848205,0.1036129593849182,-0.1676554698300263,1759500592844438789
0.28954678773879999,0.0062763690948485999,0.31376259008150609,1759500592875517542
0.1149659156799316,0.1006699204444885,-0.20690745555845072,1759500592905593589
0.23425126075744629,-0.18469768762588501,0.21671636274242931,1759500592937179565
0.44484025239944458,0.19131356477737421,-0.088384640650895629,1759500592968291760
0.17303174734115601,-0.071516573429107597,0.17588748498982804,1759500592995741100
-0.21902817487716669,-0.0149952173233032,-0.2756572077067071,1759500593025794207
0.62245768308639526,-0.1159480214118957,0.10788234496950289,1759500593055841231
-0.072005391120910603,0.1298868656158447,-0.018085605257651842,1759500593085843176
-0.0104007124900817,0.047166585922241197,-0.35077901666105299,1759500593115899180
0.35663026571273798,-0.078809976577758706,-0.30439371114687985,1759500593145968621
0.1884496808052063,-0.21292424201965329,0.24018862058761581,1759500593177628590
-0.084820270538329995,0.15932780504226679,0.31116175066304097,1759500593209111586
0.029529929161071701,0.075490117073058999,-0.3276203195010377,1759500593236114102
-0.10844236612319939,-0.1124884486198425,-0.64564197834121173,1759500593266161344
0.35948175191879272,-0.23714315891265869,0.15821305619398746,1759500593296255662
0.036247849464416497,0.089169144630432101,0.26854863943123397,1759500593326345548
0.53042894601821899,0.24513071775436401,0.63375383964211229,1759500593356403615
0.2427135705947876,-0.074659883975982597,0.36816353955567888,1759500593386648324
0.1307274103164672,0.1007599234580993,-0.89145047848823622,1759500593417432678
-0.14719730615615839,0.011553585529327301,0.13737688500776166,1759500593448223542
0.3629199862480163,0.19793325662612909,0.48510485229338779,1759500593476615570
0.045311510562896701,-0.28214144706726069,0.076848630036450316,1759500593506600506
0.98623114824295044,0.19888985157012939,-0.2807768611820689,1759500593535708907
0.50664454698562622,-0.17748856544494629,-0.28932807540190431,1759500593566664052
0.30600219964981079,0.062624752521514795,0.49010250641626096,1759500593596763190
0.24204206466674799,-0.077747046947479206,0.12009937398717938,1759500593626860934
0.40383988618850708,0.050024330615997301,-0.3036516017064454,1759500593657169042
0.24069929122924799,0.15535539388656611,-0.32103841557316265,1759500593689741080
0.0848545432090759,-0.16036611795425409,-0.27159275061587312,1759500593717034561
0.43942457437515259,0.1777697801589965,0.54348579138595621,1759500593747010871
0.13192498683929441,0.48845690488815308,0.48650812766028395,1759500593777091954
0.38116323947906489,0.1136960983276367,-0.93835856700823217,1759500593807112302
0.29222095012664789,0.064118623733520494,-0.39966524478233745,1759500593837195441
0.45898240804672241,0.47180873155593872,0.54726159724722878,1759500593867281720
0.3452275395393371,0.19553929567337031,-0.1216085008945889,1759500593897441795
0.085676670074462793,-0.20487254858016959,-0.13383696682957852,1759500593929313807
-0.2990152239799499,0.13917034864425659,0.88323505785286671,1759500593959505343
0.40048789978027338,0.00013411045074460001,0.38506257760084778,1759500593997408319
-0.27558803558349609,0.036997377872466999,-0.10900373525980174,1759500594027466024
0.26469367742538452,0.22136181592941279,-0.093480610623901131,1759500594057544135
0.15506917238235471,-0.2245946526527404,-0.037562352606006467,1759500594089449844
-0.48171430826187128,0.0327540636062622,0.5578255631527449,1759500594119578033
0.74537390470504761,-0.013913452625274599,-0.019074698525941059,1759500594146696233
-0.49629533290863032,-0.22808843851089469,-0.94591553236498604,1759500594177744848
0.033063352108001702,-0.1003451943397522,0.9563383030010616,1759500594207828522
0.14827233552932739,0.0163647532463073,-0.24569558948939438,1759500594237875127
0.028603494167327801,-0.033920645713806097,-0.53409974108510916,1759500594267931809
-0.3160030841827392,-0.081646800041198703,0.2789318772977975,1759500594298085197
0.35432195663452148,-0.049566924571990897,-0.041008364914948525,1759500594328696928
-0.1040522456169128,-0.13831108808517451,-0.33128508148764546,1759500594361426521
0.50726550817489624,0.35122734308242798,0.3682673941564808,1759500594388729946
-0.40734869241714478,-0.14136463403701779,-0.37035528858207162,1759500594418794224
-0.0062863826751708004,-0.1514204144477844,0.58203485947929157,1759500594448825893
-0.58957171440124512,0.069510042667388902,0.32164178287312528,1759500594478853138
0.44110268354415888,-0.55325663089752197,-0.1602797469512045,1759500594508822077
-0.041732311248779297,0.081769883632659898,0.4032656293015231,1759500594538963785
0.13540542125701899,0.1199871301651001,0.25281231685430955,1759500594569259022
-0.048762083053588798,0.097186803817748996,-0.69340124146962512,1759500594601387811
-0.1115148067474365,0.091148793697357094,-0.046301583907556502,1759500594628534963
0.1846396923065185,0.29398590326309199,0.35086034151661899,1759500594658564883
-0.027414679527282701,-0.52381795644760132,-0.31264581239058559,1759500594688669816
0.16579723358154291,0.2437593340873718,-0.13887447092050431,1759500594718659968
-0.27819985151290888,0.064294099807739202,0.18320587678521455,1759500594748738529
0.092593252658843994,-0.1276407837867736,0.16854972662780021,1759500594778794616
0.0045052170753479004,0.026057362556457499,-0.10996835758855511,1759500594809247151
0.77446722984313965,0.077192425727844197,-0.6169655479503886,1759500594841899381
-0.15672957897186279,-0.37827295064926147,0.16500648705273596,1759500594869047851
0.2605337500572204,0.1550383567810058,0.5093031653441179,1759500594899211243
-0.39758479595184321,0.024162769317626901,-0.70486309089755028,1759500594929100553
0.069198429584503104,-0.31869721412658691,0.86759565860753518,1759500594959091913
-0.1768805980682373,0.39475291967391968,0.50533494713334404,1759500594989106674
1.4281915426254272,-0.46622723340988159,-0.59907009366500341,1759500595019176692
-0.1224226951599121,0.24217396974563599,-0.26662011033766764,1759500595049249209
0.057918548583984299,0.13439649343490601,0.33851936872568478,1759500595081523623
-0.0013191699981689,0.13682925701141349,0.44584410996030116,1759500595109466228
-0.0041689872741699002,-0.16506868600845331,-0.57033424254668663,1759500595139362236
0.049928784370422301,0.1247967481613159,-0.38636469175317123,1759500595169461181
0.027086555957794099,-0.3314248919486999,0.094712154384098871,1759500595199464356
-0.33787214756011957,0.1619608998298645,0.74024137617023733,1759500595229550049
0.22036230564117429,-0.023580133914947499,-0.80136453752865799,1759500595259533634
-0.1801142692565918,-0.072140216827392495,-0.10707809408620671,1759500595289663241
0.10763925313949579,0.32518100738525391,0.49191586711982288,1759500595322047742
-0.048101484775543199,-0.15791571140289301,-0.16467022902399234,1759500595352882843
-0.0277801752090454,-0.33725500106811518,-0.41563946265705876,1759500595379841798
-0.25296586751937861,0.068534553050994804,-0.078243966893444566,1759500595410018240
-0.2204753756523132,0.0904261469841003,-0.27260436936264382,1759500595433257617
0.38950544595718378,-0.0665884613990783,0.27898799565532373,1759500595469989740
0.13213294744491569,0.42218059301376343,0.23322000410716179,1759500595500026031
-0.1361119747161865,-0.36708575487136841,-0.36634244236289115,1759500595530080194
0.16069650650024411,0.087072610855102497,1.0004338906030814,1759500595561602094
-0.0067573189735411999,0.0108864903450012,-0.28807723885308018,1759500595593350190
-0.0048639774322509002,0.18270832300186149,0.36511586823463055,1759500595620300627
-0.094458341598510701,-0.29818302392959589,0.15010267817735407,1759500595650268152
-0.1393125057220459,0.25362372398376459,-0.092036082553639167,1759500595680298033
-0.086254179477691595,-0.36318755149841309,-0.72378560890922217,1759500595710348196
0.14557456970214841,0.34144318103790278,0.44064845968627697,1759500595740379920
0.2677962183952331,-0.070959210395812905,0.24227084940097554,1759500595770484636
0.0074720978736876999,-0.39573174715042109,-0.34519035862181263,1759500595801982793
0.22299385070800781,0.096467077732086098,-0.40652557598654437,1759500595833351317
-0.18178385496139521,0.074647963047027505,0.41189804047609613,1759500595859652393
0.047861337661743102,-0.14749467372894279,-0.09753660404188276,1759500595890671752
0.0151979923248291,-0.040368378162383999,-0.2001337433010113,1759500595920850921
0.0228986144065856,-0.1094197034835815,-0.20060505943587503,1759500595951052167
-0.58553975820541382,-0.14302003383636469,0.25344875685792317,1759500595980906502
0.1942903399467468,0.1725202202796936,0.75430162160792857,1759500596011023423
